Date,From,To,Feature 1,Feature 2,Feature 3,Ouput1,Output 2,TIME-DIFF
5/22/2018,6:20:12,6:23:00,3.26E+09,2.94E+08,9.70E+10,500,3,0:02:48
5/22/2018,6:23:12,6:26:00,4.41E+09,2.51E+08,1.43E+11,500,3,0:02:48
5/22/2018,6:26:12,6:29:00,7.09E+09,1.94E+08,1.78E+11,500,3,0:02:48
5/22/2018,6:29:12,6:32:00,4.72E+09,2.19E+08,1.61E+11,500,3,0:02:48
5/22/2018,6:32:12,6:35:00,6.56E+09,2.18E+08,1.88E+11,500,3,0:02:48
5/22/2018,6:35:12,6:38:00,6.83E+09,2.06E+08,2.02E+11,500,3,0:02:48
5/22/2018,6:38:12,6:41:00,4.97E+09,1.70E+08,1.87E+11,500,3,0:02:48
5/22/2018,6:41:12,6:44:00,5.85E+09,2.07E+08,2.05E+11,500,3,0:02:48
5/22/2018,6:44:12,6:47:00,6.16E+09,1.79E+08,2.03E+11,500,3,0:02:48
5/22/2018,6:47:12,6:50:00,5.26E+09,2.05E+08,1.97E+11,500,3,0:02:48
5/22/2018,6:50:12,6:53:00,8.07E+09,1.93E+08,2.32E+11,500,3,0:02:48
5/22/2018,6:53:12,6:56:00,8.03E+09,1.84E+08,2.27E+11,500,3,0:02:48
5/22/2018,6:56:12,6:59:00,7.14E+09,1.61E+08,2.47E+11,500,3,0:02:48
5/22/2018,6:59:12,7:02:00,7.43E+09,1.87E+08,2.64E+11,500,3,0:02:48
5/22/2018,7:02:12,7:05:00,9.27E+09,1.75E+08,2.53E+11,500,3,0:02:48
5/22/2018,7:05:12,7:08:00,9.18E+09,2.14E+08,2.91E+11,500,3,0:02:48
5/22/2018,7:08:12,7:11:00,7.57E+09,1.95E+08,2.44E+11,500,3,0:02:48
5/22/2018,7:11:12,7:14:00,8.27E+09,2.20E+08,2.79E+11,500,3,0:02:48
5/22/2018,7:14:12,7:17:00,7.54E+09,2.22E+08,2.88E+11,500,3,0:02:48
5/22/2018,7:17:12,7:20:00,7.89E+09,1.82E+08,2.77E+11,500,3,0:02:48
5/22/2018,7:20:12,7:23:00,1.08E+10,1.91E+08,3.34E+11,500,3,0:02:48
5/22/2018,7:23:12,7:26:00,7.42E+09,1.83E+08,2.76E+11,500,3,0:02:48
5/22/2018,7:26:12,7:29:00,8.22E+09,2.05E+08,3.31E+11,500,3,0:02:48
5/22/2018,7:29:12,7:32:00,9.04E+09,2.04E+08,3.02E+11,500,3,0:02:48
5/22/2018,7:32:12,7:35:00,8.78E+09,1.98E+08,3.20E+11,500,3,0:02:48
5/22/2018,7:35:12,7:38:00,8.49E+09,2.15E+08,3.22E+11,500,3,0:02:48
5/22/2018,7:38:12,7:41:00,8.61E+09,2.09E+08,2.96E+11,500,3,0:02:48
5/22/2018,7:41:12,7:44:00,8.16E+09,2.22E+08,2.96E+11,500,3,0:02:48
5/22/2018,7:44:12,7:47:00,9.31E+09,1.94E+08,3.25E+11,500,3,0:02:48
5/22/2018,8:15:44,8:18:36,5.85E+09,1.63E+08,1.82E+11,300,3,0:02:52
5/22/2018,8:18:44,8:21:36,6.79E+09,1.81E+08,2.09E+11,300,3,0:02:52
5/22/2018,8:21:44,8:24:36,9.79E+09,1.60E+08,2.31E+11,300,3,0:02:52
5/22/2018,8:24:48,8:27:36,9.17E+09,1.70E+08,2.90E+11,520,3,0:02:48
5/22/2018,8:27:48,8:30:36,7.64E+09,1.61E+08,2.76E+11,520,3,0:02:48
5/22/2018,8:30:48,8:33:36,1.13E+10,1.59E+08,2.65E+11,520,3,0:02:48
5/22/2018,8:33:48,8:36:36,1.25E+10,1.73E+08,3.27E+11,520,3,0:02:48
5/22/2018,8:36:48,8:39:36,9.03E+09,1.72E+08,3.03E+11,520,3,0:02:48
5/22/2018,8:39:46,8:41:46,9.14E+09,2.60E+08,2.37E+11,400,2,0:02:00
5/22/2018,8:41:46,8:43:36,8.68E+09,2.83E+08,2.60E+11,400,2,0:01:50
5/22/2018,8:43:46,8:45:36,7.82E+09,2.47E+08,2.32E+11,400,2,0:01:50
5/22/2018,8:45:48,8:47:48,1.02E+10,2.92E+08,2.84E+11,500,2,0:02:00
5/22/2018,8:47:48,8:49:36,1.12E+10,3.43E+08,2.75E+11,500,2,0:01:48
5/22/2018,8:49:48,8:51:36,1.04E+10,3.57E+08,2.65E+11,500,2,0:01:48
5/22/2018,8:51:48,8:53:48,8.02E+09,3.51E+08,2.61E+11,500,2,0:02:00
5/22/2018,8:53:48,8:55:36,8.41E+09,3.58E+08,2.54E+11,500,2,0:01:48
5/22/2018,8:55:48,8:57:36,7.26E+09,3.53E+08,2.35E+11,500,2,0:01:48
5/22/2018,8:57:48,8:59:48,9.19E+09,3.20E+08,2.36E+11,500,2,0:02:00
5/22/2018,8:59:48,9:01:36,9.57E+09,2.98E+08,2.29E+11,500,2,0:01:48
5/22/2018,9:01:48,9:03:36,7.07E+09,3.12E+08,2.28E+11,500,2,0:01:48
5/22/2018,9:03:46,9:05:36,8.42E+09,2.71E+08,2.37E+11,400,2,0:01:50
5/22/2018,9:05:48,9:08:36,7.29E+09,1.93E+08,2.69E+11,520,3,0:02:48
5/22/2018,9:08:48,9:11:36,7.92E+09,1.81E+08,2.76E+11,520,3,0:02:48
5/22/2018,9:11:48,9:14:36,9.38E+09,2.07E+08,2.90E+11,520,3,0:02:48
5/22/2018,9:14:48,9:17:36,9.11E+09,1.75E+08,3.04E+11,520,3,0:02:48
5/22/2018,9:17:48,9:20:36,8.92E+09,1.55E+08,3.12E+11,520,3,0:02:48
5/22/2018,9:20:46,9:22:36,1.08E+10,2.39E+08,2.46E+11,400,2,0:01:50
5/22/2018,9:22:46,9:24:36,1.01E+10,2.46E+08,2.35E+11,400,2,0:01:50
5/22/2018,9:24:46,9:26:36,1.02E+10,2.76E+08,2.35E+11,400,2,0:01:50
5/22/2018,9:26:48,9:28:36,7.43E+09,2.98E+08,5.02E+11,500,2,0:01:48
5/22/2018,9:28:48,9:30:36,8.81E+09,2.51E+08,2.17E+11,500,2,0:01:48
5/22/2018,9:30:48,9:32:48,8.45E+09,4.53E+08,2.30E+11,500,2,0:02:00
5/22/2018,9:32:48,9:34:36,7.25E+09,2.88E+08,2.02E+11,500,2,0:01:48
5/22/2018,9:34:48,9:36:36,6.87E+09,2.72E+08,1.97E+11,500,2,0:01:48
5/22/2018,9:36:42,9:44:36,6.19E+09,7.04E+07,1.74E+11,200,15,0:07:54
5/22/2018,9:51:42,9:55:36,8.96E+09,2.38E+07,1.41E+11,200,4,0:03:54
5/22/2018,9:55:42,9:59:36,6.86E+09,8.37E+07,1.89E+11,200,4,0:03:54
5/22/2018,9:59:47,10:02:38,8.67E+09,1.19E+08,2.14E+11,360,3,0:02:51
5/22/2018,10:02:47,10:05:38,7.12E+09,1.19E+08,2.17E+11,360,3,0:02:51
5/22/2018,10:05:47,10:08:38,7.56E+09,8.63E+07,2.07E+11,360,3,0:02:51
5/22/2018,10:08:50,10:11:38,6.91E+09,1.04E+08,2.06E+11,520,3,0:02:48
5/22/2018,10:11:50,10:14:38,7.75E+09,8.91E+07,2.43E+11,520,3,0:02:48
5/22/2018,10:14:50,10:17:38,7.11E+09,8.23E+07,2.27E+11,520,3,0:02:48
5/22/2018,10:17:47,10:20:38,7.06E+09,8.42E+07,1.90E+11,360,3,0:02:51
5/22/2018,10:20:47,10:23:38,6.57E+09,6.53E+07,1.65E+11,360,3,0:02:51
5/22/2018,10:23:47,10:26:38,4.74E+09,5.43E+07,1.42E+11,360,3,0:02:51
5/22/2018,10:26:44,10:34:38,7.28E+09,2.54E+07,1.32E+11,200,15,0:07:54
5/22/2018,10:41:47,10:44:38,9.45E+09,5.46E+07,2.37E+11,360,3,0:02:51
5/22/2018,10:45:53,10:49:46,5.96E+09,3.90E+07,1.50E+11,280,4,0:03:53
5/22/2018,10:49:53,10:53:46,4.53E+09,2.81E+07,1.35E+11,280,4,0:03:53
5/22/2018,10:53:53,10:57:46,6.20E+09,3.29E+07,1.26E+11,280,4,0:03:53
5/22/2018,10:57:53,11:01:46,7.62E+09,2.19E+07,1.56E+11,280,4,0:03:53
5/22/2018,11:01:52,11:05:46,1.12E+10,2.68E+07,9.69E+10,200,4,0:03:54
5/22/2018,11:05:52,11:09:46,5.36E+09,3.14E+07,1.24E+11,200,4,0:03:54
5/22/2018,11:09:52,11:13:46,6.23E+09,1.97E+07,1.36E+11,200,4,0:03:54
5/22/2018,11:13:52,11:17:46,4.91E+09,2.55E+07,1.09E+11,200,4,0:03:54
5/22/2018,11:17:54,11:20:46,4.27E+09,3.42E+07,1.17E+11,300,3,0:02:52
5/22/2018,11:20:54,11:23:46,5.43E+09,2.50E+07,1.34E+11,300,3,0:02:52
5/22/2018,11:23:54,11:26:46,4.72E+09,3.33E+07,1.18E+11,300,3,0:02:52
5/22/2018,11:26:52,11:34:46,3.94E+09,1.21E+07,1.04E+11,200,15,0:07:54
5/22/2018,11:41:53,11:45:46,5.33E+09,1.70E+07,1.46E+11,280,4,0:03:53
5/22/2018,11:45:53,11:49:46,3.42E+09,1.61E+07,1.02E+11,280,4,0:03:53
5/22/2018,11:49:53,11:53:46,5.18E+09,1.76E+07,1.36E+11,280,4,0:03:53
5/22/2018,11:53:52,11:57:46,3.61E+09,1.18E+07,9.13E+10,200,4,0:03:54
5/22/2018,11:57:52,12:01:46,3.36E+09,1.21E+07,7.17E+10,200,4,0:03:54
5/22/2018,12:01:52,12:05:46,4.41E+09,9506275.9,1.04E+11,200,4,0:03:54
5/22/2018,12:05:52,12:13:46,3.31E+09,9848266.7,8.72E+10,200,15,0:07:54
5/22/2018,12:20:52,12:24:46,7.05E+09,1.55E+07,1.03E+11,200,4,0:03:54
5/22/2018,12:24:52,12:28:46,3.47E+09,1.30E+07,7.86E+10,200,4,0:03:54
5/22/2018,12:28:52,12:32:46,3.06E+09,1.00E+07,6.26E+10,200,4,0:03:54
5/22/2018,12:32:52,12:36:46,5.75E+09,1.15E+07,9.37E+10,200,4,0:03:54
5/22/2018,12:36:52,12:40:46,4.14E+09,9670922.3,6.93E+10,200,4,0:03:54
5/22/2018,12:40:52,12:48:46,4.50E+09,9762858.3,8.88E+10,200,15,0:07:54
5/22/2018,12:55:52,12:59:46,6.53E+09,1.05E+07,6.11E+10,200,4,0:03:54
5/22/2018,12:59:52,13:03:46,7.81E+09,1.21E+07,9.48E+10,200,4,0:03:54
5/22/2018,13:03:52,13:07:46,4.41E+09,1.08E+07,7.37E+10,200,4,0:03:54
5/22/2018,13:07:52,13:11:46,5.06E+09,1.46E+07,6.04E+10,200,4,0:03:54
5/22/2018,13:11:52,13:15:46,9.41E+09,1.10E+07,7.97E+10,200,4,0:03:54
5/22/2018,13:15:52,13:23:46,8.28E+09,9383409.2,5.88E+10,200,15,0:07:54
5/22/2018,13:30:52,13:34:46,1.98E+09,1.29E+07,5.21E+10,200,4,0:03:54
5/22/2018,13:34:52,13:42:46,2.21E+09,1.02E+07,6.30E+10,200,30,0:07:54
5/22/2018,14:04:54,14:08:48,3.13E+09,1.49E+07,6.36E+10,200,4,0:03:54
5/22/2018,14:08:54,14:16:48,2.90E+09,1.17E+07,7.29E+10,200,30,0:07:54
5/22/2018,14:38:54,14:42:48,2.81E+09,1.61E+07,5.50E+10,200,4,0:03:54
5/22/2018,14:42:54,14:50:48,3.03E+09,1.51E+07,6.16E+10,200,30,0:07:54
5/22/2018,15:12:54,15:16:48,2.04E+09,2.20E+07,4.21E+10,200,4,0:03:54
5/22/2018,15:16:54,15:24:48,5.18E+09,1.39E+07,6.62E+10,200,30,0:07:54
5/22/2018,15:46:56,15:50:50,2.45E+09,2.39E+07,4.85E+10,200,4,0:03:54
5/22/2018,15:50:56,15:54:50,2.05E+09,2.89E+07,5.37E+10,200,4,0:03:54
5/22/2018,15:54:56,16:02:50,2.37E+09,1.81E+07,4.96E+10,200,30,0:07:54
5/22/2018,16:24:56,16:28:50,2.92E+09,2.50E+07,6.03E+10,200,4,0:03:54
5/22/2018,16:28:56,16:32:50,2.72E+09,2.28E+07,6.46E+10,200,4,0:03:54
5/22/2018,16:32:56,16:36:50,8.17E+09,3.64E+07,8.78E+10,200,4,0:03:54
5/22/2018,16:36:56,16:40:50,3.81E+09,2.53E+07,8.94E+10,200,4,0:03:54
5/22/2018,16:40:56,16:44:50,4.21E+09,3.25E+07,8.22E+10,200,4,0:03:54
5/22/2018,16:44:56,16:52:50,3.11E+09,2.32E+07,9.72E+10,200,15,0:07:54
5/22/2018,16:59:56,17:03:50,3.45E+09,3.48E+07,7.76E+10,200,4,0:03:54
5/22/2018,17:03:56,17:07:50,4.51E+09,4.20E+07,1.16E+11,200,4,0:03:54
5/22/2018,17:07:56,17:11:50,4.90E+09,4.59E+07,9.91E+10,200,4,0:03:54
5/22/2018,17:11:57,17:15:50,5.27E+09,4.55E+07,1.38E+11,280,4,0:03:53
5/22/2018,17:15:57,17:19:50,4.32E+09,5.33E+07,1.07E+11,280,4,0:03:53
5/22/2018,17:19:57,17:23:50,5.14E+09,4.96E+07,1.22E+11,280,4,0:03:53
5/22/2018,17:23:56,17:27:50,6.50E+09,5.82E+07,1.25E+11,200,4,0:03:54
5/22/2018,17:27:56,17:31:50,5.84E+09,6.43E+07,1.19E+11,200,4,0:03:54
5/22/2018,17:31:56,17:35:50,6.20E+09,7.14E+07,1.41E+11,200,4,0:03:54
5/22/2018,17:35:58,17:38:50,5.81E+09,8.43E+07,1.55E+11,300,3,0:02:52
5/22/2018,17:38:58,17:41:50,6.76E+09,8.65E+07,1.77E+11,300,3,0:02:52
5/22/2018,17:41:58,17:44:50,7.88E+09,1.07E+08,1.85E+11,300,3,0:02:52
5/22/2018,17:44:58,17:47:50,6.86E+09,9.93E+07,1.85E+11,300,3,0:02:52
5/22/2018,17:48:01,17:50:50,7.44E+09,6.23E+07,2.38E+11,450,3,0:02:49
5/22/2018,17:51:01,17:53:50,8.84E+09,5.16E+07,2.55E+11,450,3,0:02:49
5/22/2018,17:54:01,17:56:50,7.25E+09,5.55E+07,2.45E+11,450,3,0:02:49
5/22/2018,17:57:01,17:59:50,7.25E+09,5.91E+07,2.33E+11,450,3,0:02:49
5/22/2018,18:00:02,18:02:50,7.73E+09,5.67E+07,2.52E+11,520,3,0:02:48
5/22/2018,18:03:02,18:05:50,7.52E+09,5.57E+07,2.73E+11,520,3,0:02:48
5/22/2018,18:06:02,18:08:50,9.15E+09,5.25E+07,2.73E+11,520,3,0:02:48
5/22/2018,18:09:02,18:11:50,8.36E+09,5.49E+07,2.66E+11,520,3,0:02:48
5/22/2018,18:12:02,18:14:50,9.31E+09,4.65E+07,2.88E+11,520,3,0:02:48
5/22/2018,18:15:02,18:17:50,9.22E+09,2.01E+08,4.34E+11,520,3,0:02:48
5/22/2018,18:18:12,18:21:02,1.03E+10,1.92E+08,2.79E+11,400,3,0:02:50
5/22/2018,18:21:12,18:24:02,9.29E+09,1.75E+08,2.53E+11,400,3,0:02:50
5/22/2018,18:24:12,18:27:02,8.81E+09,1.82E+08,2.77E+11,400,3,0:02:50
5/22/2018,18:27:14,18:29:02,8.67E+09,2.23E+08,2.72E+11,500,2,0:01:48
5/22/2018,18:29:14,18:31:02,9.66E+09,2.21E+08,2.75E+11,500,2,0:01:48
5/22/2018,18:31:14,18:33:02,8.06E+09,2.38E+08,2.77E+11,500,2,0:01:48
5/22/2018,18:33:08,18:41:02,1.61E+10,1.55E+08,2.00E+11,200,15,0:07:54
5/22/2018,18:48:08,18:52:02,7.43E+09,1.66E+08,1.99E+11,200,4,0:03:54
5/22/2018,18:52:08,18:56:02,8.75E+09,1.51E+08,1.58E+11,200,4,0:03:54
5/22/2018,18:56:11,18:59:02,5.80E+09,1.78E+08,2.00E+11,360,3,0:02:51
5/22/2018,18:59:11,19:02:02,6.80E+09,1.78E+08,2.14E+11,360,3,0:02:51
5/22/2018,19:02:11,19:05:02,5.90E+09,1.73E+08,1.92E+11,360,3,0:02:51
5/22/2018,19:05:13,19:08:02,1.06E+10,1.81E+08,2.37E+11,450,3,0:02:49
5/22/2018,19:08:13,19:11:02,5.29E+09,1.91E+08,1.92E+11,450,3,0:02:49
5/22/2018,19:11:13,19:14:02,6.45E+09,1.75E+08,2.16E+11,450,3,0:02:49
5/22/2018,19:14:11,19:17:02,6.06E+09,1.75E+08,1.97E+11,360,3,0:02:51
5/22/2018,19:17:11,19:20:02,5.59E+09,1.68E+08,2.06E+11,360,3,0:02:51
5/22/2018,19:20:11,19:23:02,6.80E+09,1.75E+08,1.88E+11,360,3,0:02:51
5/22/2018,19:23:11,19:26:02,4.99E+09,1.76E+08,1.73E+11,360,3,0:02:51
5/22/2018,19:26:11,19:29:02,5.08E+09,1.84E+08,1.86E+11,360,3,0:02:51
5/22/2018,19:29:13,19:32:02,5.21E+09,1.79E+08,2.13E+11,450,3,0:02:49
5/22/2018,19:32:13,19:35:02,5.37E+09,1.89E+08,2.00E+11,450,3,0:02:49
5/22/2018,19:35:13,19:38:02,4.73E+09,1.80E+08,1.99E+11,450,3,0:02:49
5/22/2018,19:38:09,19:42:02,4.70E+09,1.66E+08,1.70E+11,280,4,0:03:53
5/22/2018,19:42:09,19:46:02,6.80E+09,1.74E+08,1.71E+11,280,4,0:03:53
5/22/2018,19:46:09,19:50:02,7.29E+09,1.81E+08,1.77E+11,280,4,0:03:53
5/22/2018,19:50:11,19:53:02,6.34E+09,1.95E+08,1.90E+11,360,3,0:02:51
5/22/2018,19:53:11,19:56:02,6.70E+09,1.93E+08,1.90E+11,360,3,0:02:51
5/22/2018,19:56:11,19:59:02,1.27E+10,1.92E+08,1.93E+11,360,3,0:02:51
5/22/2018,19:59:11,20:02:02,5.55E+09,1.87E+08,1.96E+11,360,3,0:02:51
5/22/2018,20:02:11,20:05:02,5.96E+09,1.88E+08,2.01E+11,360,3,0:02:51
5/22/2018,20:05:15,20:08:04,1.69E+10,2.22E+08,3.79E+11,450,3,0:02:49
5/22/2018,20:08:15,20:11:04,3.66E+09,2.65E+08,1.11E+11,450,3,0:02:49
5/22/2018,20:11:15,20:14:04,3.02E+09,1.94E+08,4.37E+10,450,3,0:02:49
5/22/2018,20:14:15,20:17:04,6.75E+09,1.64E+08,3.46E+10,450,3,0:02:49
5/22/2018,20:17:10,20:25:04,6.60E+09,1.27E+08,4.73E+10,200,15,0:07:54
5/22/2018,20:32:10,20:36:04,3.26E+09,1.61E+08,9.58E+10,200,4,0:03:54
5/22/2018,20:36:10,20:40:04,2.96E+09,1.60E+08,1.02E+11,200,4,0:03:54
5/22/2018,20:40:10,20:44:04,4.29E+09,1.18E+08,1.22E+11,200,4,0:03:54
5/22/2018,20:44:10,20:48:04,1.78E+10,1.41E+08,1.16E+11,200,4,0:03:54
5/22/2018,20:48:10,20:52:04,3.48E+09,1.27E+08,1.30E+11,200,4,0:03:54
5/22/2018,20:52:12,20:55:04,3.88E+09,1.77E+08,1.13E+11,300,3,0:02:52
5/22/2018,20:55:12,20:58:04,2.93E+09,1.80E+08,8.12E+10,300,3,0:02:52
5/23/2018,6:00:24,6:03:16,1.71E+09,6.62E+07,7.03E+10,300,3,0:02:52
5/23/2018,6:03:24,6:06:16,3.08E+09,7.98E+07,9.85E+10,300,3,0:02:52
5/23/2018,6:06:24,6:09:16,4.69E+09,8.14E+07,1.17E+11,300,3,0:02:52
5/23/2018,6:09:23,6:13:16,4.18E+09,6.98E+07,1.24E+11,280,4,0:03:53
5/23/2018,6:13:23,6:17:16,4.27E+09,6.30E+07,1.47E+11,280,4,0:03:53
5/23/2018,6:17:23,6:21:16,4.21E+09,1.28E+08,1.39E+11,280,4,0:03:53
5/23/2018,6:21:23,6:25:16,4.55E+09,1.25E+08,1.00E+11,280,4,0:03:53
5/23/2018,6:25:23,6:29:16,4.76E+09,1.26E+08,1.27E+11,280,4,0:03:53
5/23/2018,6:29:22,6:37:16,4.86E+09,9.46E+07,1.40E+11,200,15,0:07:54
5/23/2018,6:44:22,6:48:16,4.06E+09,1.25E+08,1.07E+11,200,4,0:03:54
5/23/2018,6:48:22,6:52:16,3.86E+09,1.02E+08,1.20E+11,200,4,0:03:54
5/23/2018,6:52:24,6:55:16,6.12E+09,1.15E+08,1.40E+11,300,3,0:02:52
5/23/2018,6:55:24,6:58:16,4.26E+09,1.42E+08,1.11E+11,300,3,0:02:52
5/23/2018,6:58:24,7:01:16,5.13E+09,1.18E+08,1.27E+11,300,3,0:02:52
5/23/2018,7:01:25,7:05:18,4.52E+09,1.00E+08,1.08E+11,280,4,0:03:53
5/23/2018,7:05:25,7:09:18,4.94E+09,9.12E+07,1.39E+11,280,4,0:03:53
5/23/2018,7:09:25,7:13:18,4.60E+09,9.47E+07,1.11E+11,280,4,0:03:53
5/23/2018,7:13:25,7:17:18,5.55E+09,9.68E+07,1.27E+11,280,4,0:03:53
5/23/2018,7:17:24,7:21:18,3.95E+09,9.54E+07,9.22E+10,200,4,0:03:54
5/23/2018,7:21:24,7:25:18,4.54E+09,9.77E+07,1.02E+11,200,4,0:03:54
5/23/2018,7:25:24,7:29:18,4.70E+09,1.02E+08,1.03E+11,200,4,0:03:54
5/23/2018,7:29:24,7:33:18,3.31E+09,1.01E+08,9.51E+10,200,4,0:03:54
5/23/2018,7:33:24,7:37:18,3.92E+09,1.01E+08,9.59E+10,200,4,0:03:54
5/23/2018,7:37:25,7:41:18,7.32E+09,1.09E+08,1.31E+11,280,4,0:03:53
5/23/2018,7:41:25,7:45:18,4.76E+09,1.10E+08,1.12E+11,280,4,0:03:53
5/23/2018,7:45:25,7:49:18,4.47E+09,9.26E+07,1.10E+11,280,4,0:03:53
5/23/2018,7:49:24,7:57:18,3.97E+09,1.14E+08,1.06E+11,200,15,0:07:54
5/23/2018,8:04:24,8:08:18,3.07E+09,1.03E+08,8.78E+10,200,4,0:03:54
5/23/2018,8:08:24,8:12:18,3.26E+09,9.80E+07,8.99E+10,200,4,0:03:54
5/23/2018,8:12:24,8:16:18,3.69E+09,8.62E+07,8.89E+10,200,4,0:03:54
5/23/2018,8:16:24,8:20:18,7.17E+09,7.44E+07,9.56E+10,200,4,0:03:54
5/23/2018,8:20:24,8:24:18,4.10E+09,8.18E+07,8.65E+10,200,4,0:03:54
5/23/2018,8:24:24,8:32:18,4.31E+09,6.16E+07,1.01E+11,200,15,0:07:54
5/23/2018,8:39:24,8:43:18,1.15E+10,7.02E+07,9.71E+10,200,4,0:03:54
5/23/2018,8:43:24,8:47:18,3.11E+09,5.95E+07,7.78E+10,200,4,0:03:54
5/23/2018,8:47:24,8:51:18,3.65E+09,7.06E+07,8.54E+10,200,4,0:03:54
5/23/2018,8:51:24,8:55:18,3.94E+09,7.41E+07,8.95E+10,200,4,0:03:54
5/23/2018,8:55:24,8:59:18,2.58E+09,6.36E+07,7.96E+10,200,4,0:03:54
5/23/2018,8:59:24,9:07:18,3.59E+09,5.19E+07,8.03E+10,200,15,0:07:54
5/23/2018,9:14:24,9:18:18,4.35E+09,6.26E+07,7.60E+10,200,4,0:03:54
5/23/2018,9:18:24,9:22:18,3.93E+09,6.46E+07,9.79E+10,200,4,0:03:54
5/23/2018,9:22:24,9:26:18,3.36E+09,5.52E+07,6.91E+10,200,4,0:03:54
5/23/2018,9:26:24,9:30:18,3.74E+09,6.08E+07,6.01E+10,200,4,0:03:54
5/23/2018,9:30:24,9:34:18,3.45E+09,5.71E+07,5.76E+10,200,4,0:03:54
5/23/2018,9:34:24,9:42:18,4.63E+09,4.56E+07,5.53E+10,200,15,0:07:54
5/23/2018,9:49:24,9:53:18,3.92E+09,5.49E+07,5.57E+10,200,4,0:03:54
5/23/2018,9:53:24,10:01:18,2.84E+09,4.54E+07,7.07E+10,200,30,0:07:54
5/23/2018,10:23:24,10:27:18,3.36E+09,4.37E+07,4.48E+10,200,4,0:03:54
5/23/2018,10:31:30,10:35:24,2.80E+09,4.67E+07,4.88E+10,200,4,0:03:54
5/23/2018,10:35:30,10:39:24,3.58E+09,4.41E+07,3.56E+10,200,4,0:03:54
5/23/2018,10:39:30,10:47:24,2.73E+09,2.95E+07,4.77E+10,200,30,0:07:54
5/23/2018,11:09:32,11:13:26,3.30E+09,2.41E+07,3.03E+10,200,4,0:03:54
5/23/2018,11:13:32,11:21:26,2.12E+09,2.36E+07,4.06E+10,200,30,0:07:54
5/23/2018,11:43:32,11:47:26,2.29E+09,2.41E+07,1.77E+10,200,4,0:03:54
5/23/2018,11:47:32,11:51:26,4.36E+09,2.25E+07,2.34E+10,200,4,0:03:54
5/23/2018,12:00:06,12:02:00,1.19E+09,3.19E+07,1.59E+10,200,2,0:01:54
5/23/2018,12:02:06,12:04:06,1.77E+09,3.08E+07,1.27E+10,200,2,0:02:00
5/23/2018,12:04:06,12:06:00,1.40E+09,3.13E+07,1.66E+10,200,2,0:01:54
5/23/2018,12:06:06,12:08:00,2.28E+09,2.64E+07,2.25E+10,200,2,0:01:54
5/23/2018,12:08:06,12:10:06,6.69E+08,2.41E+07,1.51E+10,200,2,0:02:00
5/23/2018,12:10:06,12:12:00,1.45E+09,2.67E+07,2.62E+10,200,2,0:01:54
5/23/2018,12:12:06,12:14:00,1.09E+09,2.80E+07,1.55E+10,200,2,0:01:54
5/23/2018,12:14:06,12:16:06,3.47E+09,2.68E+07,1.29E+10,200,2,0:02:00
5/23/2018,12:16:06,12:18:00,1.73E+09,2.83E+07,1.33E+10,200,2,0:01:54
5/23/2018,12:18:06,12:20:00,1.15E+09,2.83E+07,1.41E+10,200,2,0:01:54
5/23/2018,12:20:06,12:22:06,2.31E+09,2.74E+07,1.72E+10,200,2,0:02:00
5/23/2018,12:22:06,12:24:00,2.61E+09,3.05E+07,1.39E+10,200,2,0:01:54
5/23/2018,12:24:06,12:26:00,1.38E+09,2.86E+07,1.30E+10,200,2,0:01:54
5/23/2018,12:26:06,12:28:06,3.40E+09,2.27E+07,1.54E+10,200,2,0:02:00
5/23/2018,12:28:06,12:30:00,2.51E+09,2.47E+07,1.86E+10,200,2,0:01:54
5/23/2018,12:30:06,12:32:00,1.65E+09,2.65E+07,1.52E+10,200,2,0:01:54
5/23/2018,12:32:06,12:34:06,3.30E+09,2.80E+07,1.28E+10,200,2,0:02:00
5/23/2018,12:34:06,12:36:00,2.25E+09,2.25E+07,1.38E+10,200,2,0:01:54
5/23/2018,12:36:06,12:38:00,9.11E+08,2.24E+07,1.08E+10,200,2,0:01:54
5/23/2018,12:38:06,12:40:06,9.80E+08,2.34E+07,1.47E+10,200,2,0:02:00
5/23/2018,12:40:06,12:42:00,1.32E+09,1.68E+07,1.28E+10,200,2,0:01:54
5/23/2018,12:42:06,12:44:00,2.22E+09,2.18E+07,1.30E+10,200,2,0:01:54
5/23/2018,12:44:06,12:46:06,7.61E+08,2.36E+07,8.38E+09,200,2,0:02:00
5/23/2018,12:46:06,12:48:00,7.20E+08,2.39E+07,1.06E+10,200,2,0:01:54
5/23/2018,12:48:06,12:50:00,6.58E+08,2.56E+07,9.03E+09,200,2,0:01:54
5/23/2018,12:50:06,12:52:06,1.09E+09,1.63E+07,1.13E+10,200,2,0:02:00
5/23/2018,12:52:06,12:54:00,7.75E+08,2.39E+07,9.84E+09,200,2,0:01:54
5/23/2018,12:54:06,12:56:00,4.99E+09,2.29E+07,1.38E+10,200,2,0:01:54
5/23/2018,13:05:00,13:07:52,2.15E+09,1.33E+07,1.65E+10,300,3,0:02:52
5/23/2018,13:08:00,13:10:52,5.29E+09,1.53E+07,1.97E+10,300,3,0:02:52
5/23/2018,13:11:00,13:13:52,5.62E+09,1.18E+07,2.03E+10,300,3,0:02:52
5/23/2018,13:13:58,13:21:52,4.05E+09,1.01E+07,1.48E+10,200,30,0:07:54
5/23/2018,13:43:58,13:47:52,4.84E+09,1.24E+07,1.67E+10,200,4,0:03:54
5/23/2018,13:47:58,13:51:52,1.15E+09,1.43E+07,2.05E+10,200,4,0:03:54
5/23/2018,13:51:58,13:59:52,1.06E+09,9905313.9,2.00E+10,200,30,0:07:54
5/23/2018,14:21:58,14:25:52,4.87E+09,1.34E+07,1.46E+10,200,4,0:03:54
5/23/2018,14:25:58,14:33:52,1.01E+09,1.04E+07,2.69E+10,200,30,0:07:54
5/23/2018,14:55:58,14:59:52,7.25E+09,1.84E+07,1.52E+10,200,4,0:03:54
5/23/2018,14:59:58,15:07:52,3.26E+09,1.57E+07,2.06E+10,200,30,0:07:54
5/23/2018,15:30:00,15:33:54,2.26E+09,1.86E+07,1.88E+10,200,4,0:03:54
5/23/2018,15:34:00,15:41:54,4.76E+09,1.74E+07,3.48E+10,200,30,0:07:54
5/23/2018,16:04:00,16:07:54,2.37E+09,3.36E+07,2.41E+10,200,4,0:03:54
5/23/2018,16:08:00,16:15:54,9.68E+08,2.99E+07,3.03E+10,200,30,0:07:54
5/23/2018,16:38:00,16:41:54,1.28E+09,3.53E+07,3.06E+10,200,4,0:03:54
5/23/2018,16:42:00,16:49:54,3.97E+09,4.00E+07,5.57E+10,200,30,0:07:54
5/23/2018,17:12:00,17:15:54,2.68E+09,5.35E+07,3.46E+10,200,4,0:03:54
5/23/2018,17:16:00,17:23:54,4.71E+09,4.76E+07,6.36E+10,200,30,0:07:54
5/23/2018,17:46:00,17:49:54,3.35E+09,5.25E+07,4.94E+10,200,4,0:03:54
5/23/2018,17:50:00,17:53:54,2.62E+09,5.58E+07,6.78E+10,200,4,0:03:54
5/23/2018,17:54:00,18:01:54,3.71E+09,4.39E+07,7.25E+10,200,30,0:07:54
5/23/2018,18:24:00,18:27:54,5.02E+09,1.30E+08,9.83E+10,200,4,0:03:54
5/23/2018,18:28:00,18:31:54,3.05E+09,1.33E+08,8.09E+10,200,4,0:03:54
5/23/2018,18:32:00,18:35:54,5.22E+09,1.25E+08,7.58E+10,200,4,0:03:54
5/23/2018,18:36:00,18:39:54,3.06E+09,1.24E+08,8.23E+10,200,4,0:03:54
5/23/2018,18:40:00,18:43:54,3.94E+09,1.34E+08,8.58E+10,200,4,0:03:54
5/23/2018,18:44:00,18:51:54,6.01E+09,1.10E+08,9.80E+10,200,15,0:07:54
5/23/2018,18:59:00,19:02:54,3.61E+09,1.04E+08,7.98E+10,200,4,0:03:54
5/23/2018,19:03:00,19:06:54,4.52E+09,1.17E+08,7.74E+10,200,4,0:03:54
5/23/2018,19:07:00,19:10:54,4.38E+09,1.07E+08,7.65E+10,200,4,0:03:54
5/23/2018,19:11:00,19:14:54,5.96E+09,1.07E+08,9.25E+10,200,4,0:03:54
5/23/2018,19:15:05,19:17:54,8.12E+09,1.50E+08,1.26E+11,450,3,0:02:49
5/23/2018,19:18:05,19:20:54,4.15E+09,1.37E+08,1.28E+11,450,3,0:02:49
5/23/2018,19:21:05,19:23:54,4.10E+09,1.37E+08,1.13E+11,450,3,0:02:49
5/23/2018,19:24:04,19:28:54,4.42E+09,1.22E+08,1.28E+11,400,5,0:04:50
5/23/2018,19:29:04,19:33:54,3.87E+09,1.18E+08,1.19E+11,400,5,0:04:50
5/23/2018,19:34:04,19:38:54,1.39E+10,1.10E+08,1.25E+11,400,5,0:04:50
5/23/2018,19:39:04,19:43:54,3.91E+09,1.08E+08,1.11E+11,400,5,0:04:50
5/23/2018,19:44:04,19:48:54,1.48E+10,4.52E+07,1.30E+11,400,5,0:04:50
5/23/2018,19:49:04,19:53:54,5.62E+09,4.22E+07,1.28E+11,400,5,0:04:50
5/23/2018,19:54:04,19:58:54,4.67E+09,4.30E+07,1.35E+11,400,5,0:04:50
5/23/2018,19:59:04,20:03:54,1.02E+10,5.83E+07,1.40E+11,400,5,0:04:50
5/23/2018,20:04:04,20:08:54,1.03E+10,1.30E+08,1.45E+11,400,5,0:04:50
5/23/2018,20:09:04,20:13:54,5.60E+09,1.26E+08,1.44E+11,400,5,0:04:50
5/23/2018,20:14:04,20:18:54,5.27E+09,9.10E+07,1.40E+11,400,5,0:04:50
5/23/2018,20:19:04,20:21:56,1.84E+10,1.24E+08,1.11E+11,300,3,0:02:52
5/23/2018,20:22:04,20:24:56,3.69E+09,1.20E+08,1.11E+11,300,3,0:02:52
5/23/2018,20:25:04,20:27:56,1.01E+10,1.12E+08,1.08E+11,300,3,0:02:52
5/23/2018,20:28:02,20:35:56,9.35E+09,1.02E+08,1.02E+11,200,15,0:07:54
5/23/2018,20:43:05,20:45:56,7.33E+09,1.20E+08,1.21E+11,360,3,0:02:51
5/23/2018,20:46:05,20:48:56,9.18E+09,1.17E+08,1.22E+11,360,3,0:02:51
5/23/2018,20:49:05,20:51:56,1.31E+10,1.19E+08,1.01E+11,360,3,0:02:51
5/23/2018,20:52:06,20:56:56,3.69E+09,9.52E+07,1.23E+11,400,5,0:04:50
5/23/2018,20:57:06,21:01:56,1.63E+10,1.03E+08,1.32E+11,400,5,0:04:50
5/23/2018,21:02:06,21:06:56,9.69E+09,1.07E+08,1.48E+11,400,5,0:04:50
5/23/2018,21:07:06,21:11:56,1.23E+10,9.63E+07,1.32E+11,400,5,0:04:50
5/23/2018,21:12:06,21:16:56,7.01E+09,1.12E+08,1.29E+11,400,5,0:04:50
5/23/2018,21:17:06,21:21:56,8.08E+09,9.50E+07,1.14E+11,400,5,0:04:50
5/23/2018,21:22:06,21:26:56,6.76E+09,9.64E+07,1.33E+11,400,5,0:04:50
5/23/2018,21:27:06,21:31:56,5.55E+09,1.00E+08,1.30E+11,400,5,0:04:50
5/23/2018,21:32:06,21:36:56,5.50E+09,8.65E+07,1.30E+11,400,5,0:04:50
5/23/2018,21:37:06,21:41:56,8.42E+09,1.14E+08,1.33E+11,400,5,0:04:50
5/23/2018,21:42:06,21:46:56,1.35E+10,1.00E+08,1.38E+11,400,5,0:04:50
5/23/2018,21:47:06,21:51:56,1.37E+10,1.04E+08,1.49E+11,400,5,0:04:50
5/23/2018,21:52:06,21:56:56,4.86E+09,1.01E+08,1.45E+11,400,5,0:04:50
5/23/2018,21:57:06,21:59:58,5.67E+09,1.31E+08,1.23E+11,300,3,0:02:52
5/24/2018,6:02:51,6:05:40,1.58E+09,9.03E+07,5.62E+10,450,3,0:02:49
5/24/2018,6:05:51,6:08:40,2.70E+09,7.28E+07,6.90E+10,450,3,0:02:49
5/24/2018,6:08:51,6:11:40,2.33E+09,7.75E+07,7.81E+10,450,3,0:02:49
5/24/2018,6:11:52,6:16:42,6.70E+09,5.89E+07,6.46E+10,400,5,0:04:50
5/24/2018,6:16:52,6:21:42,3.24E+09,6.01E+07,8.97E+10,400,5,0:04:50
5/24/2018,6:21:52,6:26:42,3.27E+09,6.10E+07,9.44E+10,400,5,0:04:50
5/24/2018,6:26:52,6:31:42,4.10E+09,5.46E+07,1.04E+11,400,5,0:04:50
5/24/2018,6:31:48,6:39:42,3.62E+09,3.99E+07,8.57E+10,200,15,0:07:54
5/24/2018,6:46:51,6:49:42,3.92E+09,7.61E+07,9.48E+10,360,3,0:02:51
5/24/2018,6:49:51,6:52:42,4.21E+09,8.32E+07,1.17E+11,360,3,0:02:51
5/24/2018,6:52:51,6:55:42,5.08E+09,7.36E+07,1.08E+11,360,3,0:02:51
5/24/2018,6:55:52,7:00:42,3.63E+09,6.48E+07,1.11E+11,400,5,0:04:50
5/24/2018,7:00:52,7:05:42,4.63E+09,1.04E+08,1.17E+11,400,5,0:04:50
5/24/2018,7:05:52,7:10:42,3.48E+09,1.06E+08,1.19E+11,400,5,0:04:50
5/24/2018,7:10:52,7:15:42,4.54E+09,1.01E+08,1.17E+11,400,5,0:04:50
5/24/2018,7:15:52,7:20:42,5.20E+09,5.07E+07,1.28E+11,400,5,0:04:50
5/24/2018,7:20:52,7:25:42,4.39E+09,4.56E+07,1.46E+11,400,5,0:04:50
5/24/2018,7:25:52,7:30:42,4.35E+09,4.30E+07,1.32E+11,400,5,0:04:50
5/24/2018,7:30:52,7:35:42,4.86E+09,5.47E+07,1.55E+11,400,5,0:04:50
5/24/2018,7:35:52,7:40:42,4.83E+09,1.56E+08,1.52E+11,400,5,0:04:50
5/24/2018,7:40:50,7:43:42,5.68E+09,1.47E+08,1.22E+11,300,3,0:02:52
5/24/2018,7:50:10,7:52:00,4.31E+09,1.89E+08,1.04E+11,400,2,0:01:50
5/24/2018,7:52:10,7:54:10,6.68E+09,1.87E+08,1.13E+11,400,2,0:02:00
5/24/2018,7:54:10,7:56:00,4.60E+09,1.81E+08,1.15E+11,400,2,0:01:50
5/24/2018,7:56:10,7:58:00,6.93E+09,1.64E+08,1.12E+11,400,2,0:01:50
5/24/2018,7:58:10,8:00:10,4.06E+09,1.65E+08,1.03E+11,400,2,0:02:00
5/24/2018,8:00:10,8:02:00,4.22E+09,1.53E+08,1.03E+11,400,2,0:01:50
5/24/2018,8:02:10,8:04:00,3.85E+09,1.74E+08,9.84E+10,400,2,0:01:50
5/24/2018,8:04:10,8:06:10,3.74E+09,1.63E+08,9.15E+10,400,2,0:02:00
5/24/2018,8:06:10,8:08:00,6.42E+09,1.86E+08,1.10E+11,400,2,0:01:50
5/24/2018,8:08:10,8:10:00,3.74E+09,1.81E+08,1.02E+11,400,2,0:01:50
5/24/2018,8:10:10,8:12:10,4.85E+09,1.51E+08,1.17E+11,400,2,0:02:00
5/24/2018,8:12:10,8:14:00,4.05E+09,1.70E+08,9.74E+10,400,2,0:01:50
5/24/2018,8:14:10,8:16:00,3.99E+09,1.65E+08,1.03E+11,400,2,0:01:50
5/24/2018,8:16:10,8:18:10,4.88E+09,1.53E+08,1.35E+11,400,2,0:02:00
5/24/2018,8:18:10,8:20:00,4.85E+09,1.85E+08,9.83E+10,400,2,0:01:50
5/24/2018,8:20:10,8:22:00,4.91E+09,1.79E+08,1.08E+11,400,2,0:01:50
5/24/2018,8:22:10,8:24:10,4.64E+09,1.73E+08,1.05E+11,400,2,0:02:00
5/24/2018,8:24:10,8:26:00,4.75E+09,1.64E+08,1.21E+11,400,2,0:01:50
5/24/2018,8:26:10,8:28:00,4.49E+09,1.66E+08,1.29E+11,400,2,0:01:50
5/24/2018,8:28:10,8:30:10,4.09E+09,1.65E+08,1.10E+11,400,2,0:02:00
5/24/2018,8:30:10,8:32:00,5.21E+09,1.74E+08,1.20E+11,400,2,0:01:50
5/24/2018,8:32:10,8:34:00,4.92E+09,1.66E+08,1.24E+11,400,2,0:01:50
5/24/2018,8:34:10,8:36:10,6.87E+09,1.58E+08,1.25E+11,400,2,0:02:00
5/24/2018,8:36:10,8:38:00,4.11E+09,1.60E+08,1.26E+11,400,2,0:01:50
5/24/2018,8:38:10,8:40:00,4.56E+09,1.74E+08,1.22E+11,400,2,0:01:50
5/24/2018,8:40:10,8:42:10,3.58E+09,1.56E+08,1.10E+11,400,2,0:02:00
5/24/2018,8:42:10,8:44:00,4.97E+09,1.71E+08,1.40E+11,400,2,0:01:50
5/24/2018,8:44:10,8:46:00,4.18E+09,1.43E+08,1.13E+11,400,2,0:01:50
5/24/2018,8:46:10,8:48:10,4.47E+09,1.55E+08,1.12E+11,400,2,0:02:00
5/24/2018,8:48:10,8:50:00,3.67E+09,1.68E+08,1.15E+11,400,2,0:01:50
5/24/2018,8:50:10,8:52:00,5.59E+09,1.71E+08,1.41E+11,400,2,0:01:50
5/24/2018,8:52:10,8:54:10,3.86E+09,1.49E+08,9.51E+10,400,2,0:02:00
5/24/2018,8:54:10,8:56:00,5.07E+09,1.29E+08,1.17E+11,400,2,0:01:50
5/24/2018,8:56:10,8:58:00,5.49E+09,1.17E+08,1.43E+11,400,2,0:01:50
5/24/2018,8:58:10,9:00:10,4.80E+09,1.68E+08,1.19E+11,400,2,0:02:00
5/24/2018,9:00:10,9:02:00,4.98E+09,1.31E+08,1.43E+11,400,2,0:01:50
5/24/2018,9:02:10,9:04:00,5.65E+09,1.15E+08,1.27E+11,400,2,0:01:50
5/24/2018,9:04:10,9:06:10,4.96E+09,1.20E+08,1.26E+11,400,2,0:02:00
5/24/2018,9:06:10,9:08:00,4.55E+09,1.04E+08,1.13E+11,400,2,0:01:50
5/24/2018,9:08:10,9:10:00,5.23E+09,1.47E+08,1.27E+11,400,2,0:01:50
5/24/2018,9:10:10,9:12:10,4.86E+09,1.02E+08,1.32E+11,400,2,0:02:00
5/24/2018,9:12:10,9:14:00,4.11E+09,1.43E+08,1.22E+11,400,2,0:01:50
5/24/2018,9:14:10,9:16:00,3.37E+09,1.04E+08,1.11E+11,400,2,0:01:50
5/24/2018,9:16:10,9:18:10,3.78E+09,9.10E+07,9.66E+10,400,2,0:02:00
5/24/2018,9:18:10,9:20:00,5.50E+09,1.10E+08,1.14E+11,400,2,0:01:50
5/24/2018,9:20:10,9:22:00,4.40E+09,1.04E+08,1.13E+11,400,2,0:01:50
5/24/2018,9:22:10,9:24:10,5.27E+09,1.08E+08,1.05E+11,400,2,0:02:00
5/24/2018,9:24:10,9:26:00,5.83E+09,1.08E+08,1.22E+11,400,2,0:01:50
5/24/2018,9:26:10,9:28:00,5.09E+09,1.02E+08,1.18E+11,400,2,0:01:50
5/24/2018,9:28:10,9:30:10,4.76E+09,1.02E+08,9.97E+10,400,2,0:02:00
5/24/2018,9:30:10,9:32:00,4.22E+09,7.63E+07,8.97E+10,400,2,0:01:50
5/24/2018,9:32:10,9:34:00,3.02E+09,1.04E+08,8.66E+10,400,2,0:01:50
5/24/2018,9:34:10,9:36:10,6.13E+09,9.03E+07,8.94E+10,400,2,0:02:00
5/24/2018,9:36:10,9:38:00,5.10E+09,6.71E+07,1.27E+11,400,2,0:01:50
5/24/2018,9:38:10,9:40:00,4.07E+09,4.59E+07,1.05E+11,400,2,0:01:50
5/24/2018,9:40:10,9:42:10,4.81E+09,4.95E+07,1.05E+11,400,2,0:02:00
5/24/2018,9:42:10,9:44:00,3.33E+09,6.31E+07,9.10E+10,400,2,0:01:50
5/24/2018,9:44:10,9:46:00,5.77E+09,6.63E+07,1.09E+11,400,2,0:01:50
5/24/2018,9:46:10,9:48:10,3.06E+09,5.76E+07,8.39E+10,400,2,0:02:00
5/24/2018,9:48:10,9:50:00,4.06E+09,4.46E+07,7.93E+10,400,2,0:01:50
5/24/2018,9:50:10,9:52:00,3.04E+09,5.18E+07,8.39E+10,400,2,0:01:50
5/24/2018,9:52:10,9:54:10,3.86E+09,4.86E+07,8.85E+10,400,2,0:02:00
5/24/2018,9:54:10,9:56:00,4.52E+09,6.54E+07,1.28E+11,400,2,0:01:50
5/24/2018,9:56:10,9:58:00,4.74E+09,7.42E+07,1.41E+11,400,2,0:01:50
5/24/2018,9:58:10,10:00:10,5.16E+09,7.84E+07,1.50E+11,400,2,0:02:00
5/24/2018,10:00:10,10:02:00,5.52E+09,8.09E+07,1.64E+11,400,2,0:01:50
5/24/2018,10:02:10,10:04:00,5.25E+09,6.62E+07,1.53E+11,400,2,0:01:50
5/24/2018,10:04:10,10:06:10,7.18E+09,8.98E+07,1.83E+11,400,2,0:02:00
5/24/2018,10:06:10,10:08:00,5.04E+09,8.14E+07,1.47E+11,400,2,0:01:50
5/24/2018,10:08:10,10:10:00,5.37E+09,7.85E+07,1.40E+11,400,2,0:01:50
5/24/2018,10:10:10,10:12:10,6.33E+09,7.43E+07,1.59E+11,400,2,0:02:00
5/24/2018,10:12:10,10:14:00,4.81E+09,6.07E+07,1.44E+11,400,2,0:01:50
5/24/2018,10:14:10,10:16:00,5.78E+09,8.16E+07,1.57E+11,400,2,0:01:50
5/24/2018,10:35:37,10:38:26,5.79E+09,3.02E+07,1.86E+11,450,3,0:02:49
5/24/2018,10:38:37,10:41:26,6.19E+10,3.26E+07,8.62E+11,450,3,0:02:49
5/24/2018,10:41:37,10:44:26,6.86E+09,3.09E+07,2.13E+11,450,3,0:02:49
5/24/2018,10:44:40,10:46:26,6.23E+09,1.14E+08,2.14E+11,600,2,0:01:46
5/24/2018,10:46:40,10:48:40,6.68E+09,1.21E+08,2.20E+11,600,2,0:02:00
5/24/2018,10:48:40,10:50:26,5.72E+09,1.49E+08,1.89E+11,600,2,0:01:46
5/24/2018,10:50:40,10:52:26,7.89E+09,1.32E+08,1.93E+11,600,2,0:01:46
5/24/2018,10:52:40,10:54:26,6.07E+09,9.88E+07,1.88E+11,600,2,0:01:46
5/24/2018,10:54:38,10:56:26,9.49E+09,9.72E+07,1.69E+11,500,2,0:01:48
5/24/2018,10:56:38,10:58:26,6.07E+09,9.34E+07,1.42E+11,500,2,0:01:48
5/24/2018,10:58:38,11:00:26,5.87E+09,2.84E+07,7.93E+10,500,2,0:01:48
5/24/2018,11:00:38,11:03:26,5.90E+09,2.07E+07,1.04E+11,520,3,0:02:48
5/24/2018,11:03:36,11:08:26,3.85E+09,1.33E+07,7.47E+10,400,5,0:04:50
5/24/2018,11:08:36,11:13:26,4.39E+09,2.27E+07,1.16E+11,400,5,0:04:50
5/24/2018,11:13:36,11:18:26,2.98E+09,1.16E+07,8.61E+10,400,5,0:04:50
5/24/2018,11:18:36,11:23:26,3.17E+09,7007695.9,5.09E+10,400,5,0:04:50
5/24/2018,11:23:36,11:28:26,4.62E+09,7318659.3,4.72E+10,400,5,0:04:50
5/24/2018,11:28:34,11:36:28,8.52E+09,5019604.7,2.81E+10,200,15,0:07:54
5/24/2018,11:43:37,11:46:28,2.79E+09,9632366.3,3.92E+10,360,3,0:02:51
5/24/2018,11:46:37,11:49:28,4.82E+09,1.03E+07,4.17E+10,360,3,0:02:51
5/24/2018,11:49:37,11:52:28,1.97E+09,9077405.5,2.65E+10,360,3,0:02:51
5/24/2018,11:52:38,11:57:28,1.46E+09,9234618.3,3.47E+10,400,5,0:04:50
5/24/2018,11:57:34,12:05:28,2.08E+09,5441651.6,2.19E+10,200,30,0:07:54
5/24/2018,12:27:38,12:32:28,1.45E+09,7242687.9,2.86E+10,400,5,0:04:50
5/24/2018,12:32:38,12:37:28,5.22E+09,6383943.9,3.06E+10,400,5,0:04:50
5/24/2018,12:37:38,12:42:28,2.22E+09,7461021.2,3.27E+10,400,5,0:04:50
5/24/2018,12:42:34,12:50:28,7.63E+09,5935389.9,2.92E+10,200,30,0:07:54
5/24/2018,13:12:40,13:17:30,1.14E+09,7392163.5,2.34E+10,400,5,0:04:50
5/24/2018,13:17:40,13:22:30,1.30E+09,5736270.5,2.27E+10,400,5,0:04:50
5/24/2018,13:22:40,13:27:30,2.09E+09,7060405.5,3.09E+10,400,5,0:04:50
5/24/2018,13:57:38,14:02:28,4.18E+09,1.20E+07,2.56E+10,400,5,0:04:50
5/24/2018,14:02:38,14:07:28,1.60E+09,1.43E+07,2.70E+10,400,5,0:04:50
5/24/2018,14:07:34,14:15:28,3.98E+09,1.27E+07,3.42E+10,200,30,0:07:54
5/24/2018,14:37:38,14:42:28,3.42E+09,3.64E+07,8.56E+10,400,5,0:04:50
5/24/2018,14:42:38,14:47:28,2.85E+09,2.48E+07,8.25E+10,400,5,0:04:50
5/24/2018,14:47:38,14:52:28,4.69E+09,2.65E+07,9.38E+10,400,5,0:04:50
5/24/2018,14:52:34,15:00:28,4.01E+09,1.95E+07,8.55E+10,200,30,0:07:54
5/24/2018,15:22:38,15:27:28,4.47E+09,1.24E+07,3.57E+10,400,5,0:04:50
5/24/2018,15:27:38,15:32:28,2.14E+09,1.63E+07,3.45E+10,400,5,0:04:50
5/24/2018,15:32:38,15:37:28,2.05E+09,1.47E+07,3.53E+10,400,5,0:04:50
5/24/2018,15:37:34,15:45:28,3.65E+09,1.76E+07,2.67E+10,200,30,0:07:54
5/24/2018,16:07:40,16:12:30,4.76E+09,2.77E+07,3.67E+10,400,5,0:04:50
5/24/2018,16:12:40,16:17:30,2.74E+09,3.09E+07,6.19E+10,400,5,0:04:50
5/24/2018,16:17:40,16:22:30,2.38E+09,2.73E+07,6.13E+10,400,5,0:04:50
5/24/2018,16:22:36,16:30:30,2.10E+09,2.51E+07,4.61E+10,200,30,0:07:54
5/24/2018,16:52:42,16:57:32,2.80E+09,3.81E+07,6.21E+10,400,5,0:04:50
5/24/2018,16:57:42,17:02:32,3.35E+09,3.94E+07,8.29E+10,400,5,0:04:50
5/24/2018,17:02:42,17:07:32,4.77E+09,3.64E+07,8.73E+10,400,5,0:04:50
5/24/2018,17:07:42,17:12:32,4.36E+09,4.51E+07,8.81E+10,400,5,0:04:50
5/24/2018,17:12:42,17:17:32,2.58E+09,4.67E+07,8.04E+10,400,5,0:04:50
5/24/2018,17:17:42,17:22:32,2.69E+09,4.68E+07,7.43E+10,400,5,0:04:50
5/24/2018,17:22:42,17:27:32,4.08E+09,5.82E+07,8.70E+10,400,5,0:04:50
5/24/2018,17:27:42,17:32:32,3.20E+09,5.19E+07,9.90E+10,400,5,0:04:50
5/24/2018,17:32:42,17:37:32,4.73E+09,6.54E+07,9.09E+10,400,5,0:04:50
5/24/2018,17:42:38,17:45:30,4.80E+09,5.39E+07,9.63E+10,300,3,0:02:52
5/24/2018,17:45:38,17:48:30,4.80E+09,5.39E+07,1.09E+11,300,3,0:02:52
5/24/2018,17:48:38,17:51:30,3.96E+09,4.93E+07,1.17E+11,300,3,0:02:52
5/24/2018,17:51:38,17:54:38,4.29E+09,5.92E+07,1.25E+11,300,3,0:03:00
5/24/2018,17:54:38,17:57:30,5.86E+09,5.33E+07,1.24E+11,300,3,0:02:52
5/24/2018,17:57:41,18:00:30,5.66E+09,6.10E+07,1.51E+11,450,3,0:02:49
5/24/2018,18:00:41,18:03:30,6.36E+09,6.46E+07,1.67E+11,450,3,0:02:49
5/24/2018,18:03:41,18:06:30,5.46E+09,5.91E+07,1.65E+11,450,3,0:02:49
5/24/2018,18:06:41,18:09:30,8.49E+09,5.74E+07,1.68E+11,450,3,0:02:49
5/24/2018,18:09:41,18:12:30,6.86E+09,6.01E+07,1.73E+11,450,3,0:02:49
5/24/2018,18:12:42,18:15:30,5.73E+09,6.81E+07,1.84E+11,520,3,0:02:48
5/24/2018,18:15:42,18:18:42,5.06E+09,6.07E+07,1.66E+11,520,3,0:03:00
5/24/2018,18:18:42,18:21:30,5.61E+09,6.93E+07,1.98E+11,520,3,0:02:48
5/24/2018,18:21:42,18:24:42,5.72E+09,5.42E+07,1.94E+11,520,3,0:03:00
5/24/2018,18:24:42,18:27:30,6.16E+09,4.95E+07,1.82E+11,520,3,0:02:48
5/24/2018,18:27:42,18:30:30,6.78E+09,5.36E+07,1.90E+11,520,3,0:02:48
5/24/2018,18:30:40,18:32:30,6.12E+09,7.30E+07,1.63E+11,400,2,0:01:50
5/24/2018,18:32:36,18:40:30,3.91E+09,5.98E+07,1.53E+11,200,15,0:07:54
5/24/2018,18:47:39,18:50:30,3.74E+09,1.06E+08,1.14E+11,360,3,0:02:51
5/24/2018,18:50:39,18:53:30,3.91E+09,1.20E+08,1.13E+11,360,3,0:02:51
5/24/2018,18:53:39,18:56:30,4.66E+09,1.40E+08,1.17E+11,360,3,0:02:51
5/24/2018,18:56:38,18:59:30,9.60E+09,1.38E+08,1.18E+11,300,3,0:02:52
5/24/2018,18:59:38,19:02:30,4.49E+09,1.43E+08,1.09E+11,300,3,0:02:52
5/24/2018,19:02:38,19:05:30,3.82E+09,1.25E+08,1.14E+11,300,3,0:02:52
5/24/2018,19:05:39,19:08:30,4.02E+09,1.33E+08,1.29E+11,360,3,0:02:51
5/24/2018,19:08:39,19:11:30,5.60E+09,1.42E+08,1.30E+11,360,3,0:02:51
5/24/2018,19:11:39,19:14:30,1.39E+10,1.48E+08,1.30E+11,360,3,0:02:51
5/24/2018,19:14:39,19:17:30,4.44E+09,1.70E+08,1.35E+11,360,3,0:02:51
5/24/2018,19:17:39,19:20:30,1.50E+10,1.63E+08,1.25E+11,360,3,0:02:51
5/24/2018,19:20:41,19:23:30,6.13E+09,1.67E+08,1.49E+11,450,3,0:02:49
5/24/2018,19:23:41,19:26:30,5.73E+09,1.61E+08,1.46E+11,450,3,0:02:49
5/24/2018,19:26:41,19:29:30,4.46E+09,1.67E+08,1.44E+11,450,3,0:02:49
5/24/2018,19:29:41,19:32:30,8.65E+09,1.72E+08,1.52E+11,450,3,0:02:49
5/24/2018,19:32:41,19:35:30,1.07E+10,1.48E+08,1.57E+11,450,3,0:02:49
5/24/2018,19:35:42,19:38:30,4.76E+09,1.76E+08,1.61E+11,520,3,0:02:48
5/24/2018,19:38:42,19:41:30,5.62E+09,1.68E+08,1.70E+11,520,3,0:02:48
5/24/2018,19:41:42,19:44:30,4.78E+09,1.36E+08,1.45E+11,520,3,0:02:48
5/24/2018,19:44:39,19:47:30,3.62E+09,5.27E+08,7.68E+10,360,3,0:02:51
5/24/2018,19:47:39,19:50:30,1.18E+10,1.30E+08,1.49E+11,360,3,0:02:51
5/24/2018,19:50:39,19:53:30,5.13E+09,1.17E+08,1.40E+11,360,3,0:02:51
5/24/2018,19:53:42,19:56:30,5.32E+09,1.50E+08,1.49E+11,520,3,0:02:48
5/24/2018,19:56:42,19:59:30,6.42E+09,1.36E+08,1.63E+11,520,3,0:02:48
5/24/2018,19:59:42,20:02:30,5.53E+09,1.42E+08,1.80E+11,520,3,0:02:48
5/24/2018,20:02:39,20:05:30,4.44E+09,1.40E+08,1.34E+11,360,3,0:02:51
5/24/2018,20:05:39,20:08:30,6.01E+09,1.04E+08,1.52E+11,360,3,0:02:51
5/24/2018,20:08:39,20:11:30,8.66E+09,1.36E+08,1.58E+11,360,3,0:02:51
5/24/2018,20:11:42,20:14:30,4.25E+09,1.47E+08,1.47E+11,520,3,0:02:48
5/24/2018,20:14:42,20:17:30,9.96E+09,1.27E+08,1.83E+11,520,3,0:02:48
5/24/2018,20:17:42,20:20:30,1.82E+10,1.34E+08,1.53E+11,520,3,0:02:48
5/24/2018,20:20:41,20:23:30,4.12E+09,1.29E+08,1.63E+11,450,3,0:02:49
5/24/2018,20:23:36,20:31:30,3.54E+09,8.72E+07,1.38E+11,200,15,0:07:54
5/24/2018,20:38:39,20:41:30,7.92E+09,1.16E+08,1.30E+11,360,3,0:02:51
5/24/2018,20:41:39,20:44:30,4.15E+09,1.17E+08,1.31E+11,360,3,0:02:51
5/24/2018,20:44:39,20:47:30,4.81E+09,1.35E+08,1.34E+11,360,3,0:02:51
5/24/2018,20:47:39,20:50:30,5.17E+09,9.98E+07,1.36E+11,360,3,0:02:51
5/24/2018,20:50:41,20:53:30,8.42E+09,1.17E+08,1.65E+11,450,3,0:02:49
5/24/2018,20:53:41,20:56:30,4.53E+09,1.15E+08,1.64E+11,450,3,0:02:49
5/24/2018,20:56:41,20:59:30,6.18E+09,1.44E+08,1.60E+11,450,3,0:02:49
5/24/2018,20:59:42,21:02:42,3.97E+09,1.47E+08,1.51E+11,520,3,0:03:00
5/24/2018,21:02:42,21:05:30,4.97E+09,8.93E+08,9.43E+10,520,3,0:02:48
5/24/2018,21:05:42,21:08:30,9.38E+09,1.38E+08,1.42E+11,520,3,0:02:48
5/24/2018,21:08:38,21:11:30,3.71E+09,1.51E+08,1.30E+11,300,3,0:02:52
5/24/2018,21:11:40,21:16:30,6.60E+09,1.02E+08,1.48E+11,400,5,0:04:50
5/24/2018,21:16:40,21:21:30,1.40E+10,1.29E+08,1.71E+11,400,5,0:04:50
5/24/2018,21:21:40,21:26:30,4.52E+09,1.13E+08,1.63E+11,400,5,0:04:50
5/24/2018,21:26:39,21:29:30,1.42E+10,1.60E+08,1.58E+11,360,3,0:02:51
5/24/2018,21:29:39,21:32:30,4.08E+09,1.57E+08,1.44E+11,360,3,0:02:51
5/24/2018,21:32:39,21:35:39,8.58E+09,1.32E+08,1.47E+11,360,3,0:03:00
5/24/2018,21:35:39,21:38:30,5.44E+09,8.36E+08,1.24E+11,360,3,0:02:51
5/24/2018,21:38:42,21:41:30,5.27E+09,1.57E+08,1.39E+11,520,3,0:02:48
5/24/2018,21:41:42,21:44:30,4.35E+09,1.55E+08,1.89E+11,520,3,0:02:48
5/24/2018,21:44:42,21:47:30,5.39E+09,1.62E+08,1.81E+11,520,3,0:02:48
5/24/2018,21:47:42,21:50:30,5.76E+09,1.66E+08,1.81E+11,520,3,0:02:48
5/24/2018,21:50:42,21:53:30,5.83E+09,1.87E+08,1.76E+11,520,3,0:02:48
5/24/2018,21:53:40,21:56:30,4.11E+09,1.51E+08,1.40E+11,400,3,0:02:50
5/24/2018,21:56:40,21:59:30,3.74E+09,1.49E+08,1.42E+11,400,3,0:02:50
5/24/2018,21:59:40,22:02:30,2.81E+08,1.38E+08,3.56E+09,400,3,0:02:50
5/24/2018,22:02:40,22:05:30,2.97E+08,1.05E+08,3.95E+09,400,3,0:02:50
5/24/2018,22:05:40,22:08:40,7.49E+08,1.11E+08,8.48E+09,400,3,0:03:00
5/24/2018,22:08:40,22:11:30,1.78E+08,1.37E+08,5.16E+08,400,3,0:02:50
5/24/2018,22:11:40,22:14:30,1.38E+08,9.33E+07,2.83E+09,400,3,0:02:50
5/24/2018,22:14:40,22:17:30,2.03E+08,9.21E+07,6.29E+09,400,3,0:02:50
5/24/2018,22:17:40,22:20:30,2.90E+08,9.93E+07,8.54E+09,400,3,0:02:50
5/24/2018,22:20:40,22:23:30,1.93E+08,1.13E+08,5.10E+09,400,3,0:02:50
5/24/2018,22:23:40,22:26:30,1.56E+08,1.07E+08,3.96E+09,400,3,0:02:50
5/24/2018,22:26:40,22:29:30,4.45E+08,1.00E+08,4.99E+09,400,3,0:02:50
5/24/2018,22:29:40,22:32:30,2.22E+08,9.61E+07,3.83E+09,400,3,0:02:50
5/24/2018,22:32:40,22:35:30,1.87E+08,9.45E+07,6.07E+09,400,3,0:02:50
5/24/2018,22:35:40,22:38:30,2.35E+08,1.12E+08,3.88E+09,400,3,0:02:50
5/24/2018,22:38:40,22:41:30,1.94E+08,1.09E+08,2.25E+09,400,3,0:02:50
5/24/2018,22:41:40,22:44:30,1.53E+08,1.04E+08,4.06E+09,400,3,0:02:50
5/24/2018,22:44:40,22:47:30,2.12E+08,1.20E+08,1.63E+09,400,3,0:02:50
5/24/2018,22:47:40,22:50:30,1.74E+08,1.05E+08,3.52E+09,400,3,0:02:50
5/24/2018,22:50:40,22:53:30,2.65E+08,1.01E+08,4.15E+09,400,3,0:02:50
5/24/2018,22:53:40,22:56:30,1.61E+08,7.75E+07,1.15E+10,400,3,0:02:50
5/24/2018,22:56:40,22:59:30,1.63E+08,8.33E+07,5.44E+09,400,3,0:02:50
5/24/2018,22:59:40,23:02:30,1.38E+08,9.04E+07,3.52E+09,400,3,0:02:50
5/24/2018,23:02:40,23:05:30,1.59E+08,1.01E+08,5.37E+09,400,3,0:02:50
5/24/2018,23:05:40,23:08:30,1.98E+08,1.00E+08,5.33E+09,400,3,0:02:50
5/24/2018,23:08:40,23:11:30,1.89E+08,7.70E+07,4.39E+09,400,3,0:02:50
5/24/2018,23:11:40,23:14:30,1.69E+08,1.01E+08,4.19E+09,400,3,0:02:50
5/24/2018,23:14:40,23:17:30,1.68E+08,1.01E+08,5.63E+09,400,3,0:02:50
5/24/2018,23:17:40,23:20:30,2.46E+08,8.68E+07,5.04E+09,400,3,0:02:50
5/24/2018,23:20:40,23:23:30,1.28E+09,9.27E+07,4.00E+09,400,3,0:02:50
5/24/2018,23:23:40,23:26:30,4.07E+08,9.91E+07,8.28E+09,400,3,0:02:50
5/24/2018,23:26:40,23:29:30,1.54E+08,8.77E+07,5.36E+09,400,3,0:02:50
5/24/2018,23:29:40,23:32:30,2.16E+08,1.07E+08,5.34E+09,400,3,0:02:50
5/24/2018,23:32:40,23:35:30,1.78E+08,1.14E+08,4.20E+09,400,3,0:02:50
5/24/2018,23:35:40,23:38:30,2.44E+08,1.02E+08,7.20E+09,400,3,0:02:50
5/24/2018,23:38:40,23:41:30,1.78E+08,1.07E+08,6.61E+09,400,3,0:02:50
5/24/2018,23:41:40,23:44:30,1.63E+08,1.02E+08,4.23E+09,400,3,0:02:50
5/24/2018,23:44:40,23:47:30,1.15E+09,1.10E+08,5.57E+09,400,3,0:02:50
5/24/2018,23:47:40,23:50:30,6.62E+08,9.63E+07,7.33E+09,400,3,0:02:50
5/24/2018,23:50:40,23:53:30,1.58E+08,8.41E+07,5.88E+09,400,3,0:02:50
5/24/2018,23:53:40,23:56:30,2.20E+08,8.23E+07,8.06E+09,400,3,0:02:50
5/25/2018,6:02:57,6:05:48,2.47E+09,9.44E+07,5.91E+10,360,3,0:02:51
5/25/2018,6:05:57,6:08:48,2.53E+09,1.17E+08,7.18E+10,360,3,0:02:51
5/25/2018,6:08:57,6:11:48,2.48E+09,8.36E+07,9.06E+10,360,3,0:02:51
5/25/2018,6:11:58,6:16:48,3.03E+09,6.91E+07,1.08E+11,400,5,0:04:50
5/25/2018,6:16:58,6:21:48,3.50E+09,6.05E+07,1.18E+11,400,5,0:04:50
5/25/2018,6:21:58,6:26:48,4.98E+09,6.21E+07,1.43E+11,400,5,0:04:50
5/25/2018,6:26:58,6:31:48,5.29E+09,6.23E+07,1.37E+11,400,5,0:04:50
5/25/2018,6:31:58,6:36:48,4.87E+09,6.41E+07,1.49E+11,400,5,0:04:50
5/25/2018,6:36:56,6:39:48,4.27E+09,7.32E+07,1.16E+11,300,3,0:02:52
5/25/2018,6:39:56,6:42:48,7.56E+09,8.55E+07,1.27E+11,300,3,0:02:52
5/25/2018,6:42:56,6:45:48,4.86E+09,8.46E+07,1.27E+11,300,3,0:02:52
5/25/2018,6:45:59,6:48:48,5.30E+09,7.84E+07,1.47E+11,450,3,0:02:49
5/25/2018,6:48:59,6:51:48,4.69E+09,1.61E+08,1.81E+11,450,3,0:02:49
5/25/2018,6:51:59,6:54:48,4.86E+09,1.79E+08,1.54E+11,450,3,0:02:49
5/25/2018,6:54:59,6:57:48,6.65E+09,1.70E+08,1.54E+11,450,3,0:02:49
5/25/2018,6:58:00,7:00:48,6.07E+09,1.76E+08,1.87E+11,520,3,0:02:48
5/25/2018,7:01:00,7:03:48,5.82E+09,1.62E+08,1.88E+11,520,3,0:02:48
5/25/2018,7:04:00,7:06:48,6.16E+09,1.47E+08,1.99E+11,520,3,0:02:48
5/25/2018,7:07:00,7:09:48,5.83E+09,1.50E+08,2.04E+11,520,3,0:02:48
5/25/2018,7:09:58,7:11:48,4.87E+09,2.09E+08,1.15E+11,400,2,0:01:50
5/25/2018,7:11:58,7:13:58,5.80E+09,2.18E+08,1.52E+11,400,2,0:02:00
5/25/2018,7:13:58,7:15:48,5.48E+09,2.07E+08,1.71E+11,400,2,0:01:50
5/25/2018,7:15:58,7:17:48,6.00E+09,1.93E+08,1.67E+11,400,2,0:01:50
5/25/2018,7:18:00,7:20:00,7.12E+09,2.33E+08,2.09E+11,500,2,0:02:00
5/25/2018,7:20:00,7:21:48,7.84E+09,2.76E+08,2.14E+11,500,2,0:01:48
5/25/2018,7:22:00,7:23:48,6.32E+09,2.97E+08,2.03E+11,500,2,0:01:48
5/25/2018,7:24:02,7:26:02,1.08E+10,3.02E+08,2.14E+11,600,2,0:02:00
5/25/2018,7:26:02,7:27:48,1.19E+10,3.49E+08,2.06E+11,600,2,0:01:46
5/25/2018,7:28:02,7:29:48,7.62E+09,3.45E+08,2.07E+11,600,2,0:01:46
5/25/2018,7:30:02,7:32:02,6.53E+09,3.34E+08,2.11E+11,600,2,0:02:00
5/25/2018,7:32:02,7:33:48,5.88E+09,3.05E+08,4.20E+11,600,2,0:01:46
5/25/2018,7:34:02,7:35:48,5.89E+09,3.03E+08,2.06E+11,600,2,0:01:46
5/25/2018,7:36:02,7:38:02,6.70E+09,4.30E+08,1.91E+11,600,2,0:02:00
5/25/2018,7:38:02,7:39:48,6.10E+09,4.22E+08,1.81E+11,600,2,0:01:46
5/25/2018,7:40:02,7:41:48,5.84E+09,3.46E+08,1.87E+11,600,2,0:01:46
5/25/2018,7:42:00,7:44:00,5.26E+09,3.56E+08,1.60E+11,500,2,0:02:00
5/25/2018,7:44:00,7:45:48,7.00E+09,3.73E+08,2.16E+11,500,2,0:01:48
5/25/2018,7:46:00,7:47:48,3.92E+08,1.61E+08,5.47E+09,500,2,0:01:48
5/25/2018,7:48:00,7:50:00,2.84E+08,1.44E+08,2.28E+09,500,2,0:02:00
5/25/2018,7:50:00,7:51:48,0,1.7976931348623157E308,0,500,2,0:01:48
5/25/2018,7:52:00,7:53:48,2.75E+09,1.35E+08,2.02E+09,500,2,0:01:48
5/25/2018,7:54:00,7:56:00,1.36E+10,1.34E+08,2.60E+09,500,2,0:02:00
5/25/2018,7:56:00,7:57:48,2.88E+08,1.44E+08,1.29E+09,500,2,0:01:48
5/25/2018,7:59:04,8:06:58,1.44E+10,1.24E+08,1.63E+11,200,15,0:07:54
5/25/2018,8:14:08,8:18:58,5.76E+09,1.22E+08,1.96E+11,400,5,0:04:50
5/25/2018,8:19:08,8:23:58,5.79E+09,1.10E+08,1.98E+11,400,5,0:04:50
5/25/2018,8:24:08,8:28:58,6.42E+09,9.98E+07,1.95E+11,400,5,0:04:50
5/25/2018,8:29:11,8:32:00,5.67E+09,1.43E+08,1.90E+11,450,3,0:02:49
5/25/2018,8:32:11,8:35:00,7.00E+09,1.29E+08,1.85E+11,450,3,0:02:49
5/25/2018,8:35:11,8:38:00,6.89E+09,1.37E+08,1.78E+11,450,3,0:02:49
5/25/2018,8:38:10,8:40:00,5.22E+09,1.79E+08,1.51E+11,400,2,0:01:50
5/25/2018,8:40:10,8:42:00,5.45E+09,1.92E+08,1.60E+11,400,2,0:01:50
5/25/2018,8:42:10,8:44:10,6.01E+09,1.90E+08,1.71E+11,400,2,0:02:00
5/25/2018,8:44:10,8:46:00,6.99E+09,3.59E+08,2.61E+11,400,2,0:01:50
5/25/2018,8:46:22,8:48:10,5.56E+09,2.62E+08,1.77E+11,500,2,0:01:48
5/25/2018,8:48:22,8:50:22,6.53E+09,2.01E+08,1.74E+11,500,2,0:02:00
5/25/2018,8:50:22,8:52:10,5.87E+09,2.52E+08,1.77E+11,500,2,0:01:48
5/25/2018,8:52:22,8:54:10,5.79E+09,2.43E+08,1.81E+11,500,2,0:01:48
5/25/2018,8:54:22,8:56:10,5.86E+09,2.17E+08,1.69E+11,500,2,0:01:48
5/25/2018,8:56:24,8:58:10,0,1.7976931348623157E308,0,600,2,0:01:46
5/25/2018,8:58:24,9:00:10,6.03E+09,2.92E+08,1.93E+11,600,2,0:01:46
5/25/2018,9:00:24,9:02:10,6.51E+09,2.57E+08,2.09E+11,600,2,0:01:46
5/25/2018,9:17:20,9:19:08,5.15E+09,2.73E+08,1.64E+11,500,2,0:01:48
5/25/2018,9:19:20,9:21:08,7.78E+09,2.27E+08,1.79E+11,500,2,0:01:48
5/25/2018,9:21:20,9:23:20,6.30E+09,2.71E+08,1.92E+11,500,2,0:02:00
5/25/2018,9:23:20,9:25:08,5.45E+09,2.85E+08,1.61E+11,500,2,0:01:48
5/25/2018,9:25:20,9:27:08,5.56E+09,2.33E+08,1.43E+11,500,2,0:01:48
5/25/2018,9:27:22,9:29:22,4.23E+09,3.37E+08,1.40E+11,600,2,0:02:00
5/25/2018,9:29:22,9:31:08,6.18E+09,2.68E+08,1.46E+11,600,2,0:01:46
5/25/2018,9:31:22,9:33:08,5.35E+09,2.73E+08,1.63E+11,600,2,0:01:46
5/25/2018,9:33:17,9:36:08,4.79E+09,1.21E+08,1.41E+11,360,3,0:02:51
5/25/2018,9:36:17,9:39:08,4.82E+09,1.12E+08,1.31E+11,360,3,0:02:51
5/25/2018,9:39:17,9:42:08,5.01E+09,1.11E+08,1.52E+11,360,3,0:02:51
5/25/2018,9:42:19,9:45:08,5.56E+09,4.24E+07,1.75E+11,450,3,0:02:49
5/25/2018,9:45:19,9:48:08,6.72E+09,3.65E+07,1.61E+11,450,3,0:02:49
5/25/2018,9:48:19,9:51:08,5.54E+09,3.67E+07,1.82E+11,450,3,0:02:49
5/25/2018,9:51:22,9:54:10,7.23E+09,4.43E+07,1.95E+11,520,3,0:02:48
5/25/2018,9:54:22,9:57:10,7.34E+09,4.95E+07,1.97E+11,520,3,0:02:48
5/25/2018,9:57:22,10:00:10,6.61E+09,4.53E+07,1.99E+11,520,3,0:02:48
5/25/2018,10:00:20,10:02:20,6.05E+09,8.08E+07,1.39E+11,400,2,0:02:00
5/25/2018,10:02:20,10:04:10,6.69E+09,9.05E+07,1.69E+11,400,2,0:01:50
5/25/2018,10:04:20,10:06:10,5.85E+09,8.95E+07,1.64E+11,400,2,0:01:50
5/25/2018,10:06:22,10:08:22,6.96E+09,9.87E+07,1.63E+11,500,2,0:02:00
5/25/2018,10:08:22,10:10:10,6.44E+09,1.42E+08,1.82E+11,500,2,0:01:48
5/25/2018,10:10:22,10:12:10,7.53E+09,1.29E+08,1.69E+11,500,2,0:01:48
5/25/2018,10:12:22,10:14:22,5.79E+09,9.01E+07,1.73E+11,500,2,0:02:00
5/25/2018,10:14:22,10:16:10,1.86E+10,1.34E+08,1.49E+11,500,2,0:01:48
5/25/2018,10:16:22,10:18:10,5.20E+09,1.20E+08,1.63E+11,500,2,0:01:48
5/25/2018,10:18:24,10:20:24,5.19E+09,1.12E+08,1.84E+11,600,2,0:02:00
5/25/2018,10:20:24,10:22:10,6.58E+09,1.54E+08,1.91E+11,600,2,0:01:46
5/25/2018,10:22:24,10:24:10,5.50E+09,9.22E+07,1.52E+11,600,2,0:01:46
5/25/2018,10:24:22,10:27:10,6.13E+09,3.65E+07,1.98E+11,520,3,0:02:48
5/25/2018,10:27:22,10:30:10,5.62E+09,5.29E+07,1.82E+11,520,3,0:02:48
5/25/2018,10:30:22,10:33:10,5.73E+09,4.48E+07,1.74E+11,520,3,0:02:48
5/25/2018,10:33:22,10:36:10,5.31E+09,4.51E+07,1.65E+11,520,3,0:02:48
5/25/2018,10:36:22,10:39:10,7.37E+09,3.79E+07,1.98E+11,520,3,0:02:48
5/25/2018,10:39:21,10:42:10,6.35E+09,3.57E+07,1.71E+11,450,3,0:02:49
5/25/2018,10:42:21,10:45:10,4.92E+09,2.92E+07,1.53E+11,450,3,0:02:49
5/25/2018,10:45:21,10:48:10,6.04E+09,3.36E+07,1.76E+11,450,3,0:02:49
5/25/2018,10:48:21,10:51:10,5.78E+09,2.83E+07,1.71E+11,450,3,0:02:49
5/25/2018,10:51:16,10:59:10,3.12E+09,2.21E+07,9.59E+10,200,15,0:07:54
5/25/2018,11:06:19,11:09:10,4.05E+09,4.35E+07,9.92E+10,360,3,0:02:51
5/25/2018,11:09:19,11:12:10,4.15E+09,4.39E+07,1.23E+11,360,3,0:02:51
5/25/2018,11:12:19,11:15:10,4.61E+09,5.14E+07,1.18E+11,360,3,0:02:51
5/25/2018,11:15:18,11:18:10,3.56E+09,3.69E+07,9.99E+10,300,3,0:02:52
